<?xml version="1.0" encoding="utf-8" standalone="no" ?>
<CourseGeneratorLayout>
	<GuiElement type="text" profile="cpDrawingCustomFieldHeader" id="drawingCustomFieldHeader"/>
	<GuiElement type="bitmap" profile="cpCourseGeneratorBackground" position="30px -86px" id="courseGeneratorLayout">
		<GuiElement type="empty" position="0px -64px">
			<GuiElement type="empty" profile="cpIngameMenuSettingsBox" position="10px -10px">
				<GuiElement type="empty" profile="ingameMenuFrameHeaderPanel" position="0 70px">
					<GuiElement type="text" profile="ingameMenuFrameHeaderText" id="courseGeneratorHeader"/>
				</GuiElement>
				<GuiElement type="bitmap" profile="topScrollClipper" name="topClipper"/>
				<GuiElement type="bitmap" profile="bottomScrollClipper"  name="bottomClipper"/> 
				<GuiElement type="scrollingLayout" profile="cpIngameMenuSettingsLayout" id="courseGeneratorLayoutElements" topClipperElementName="topClipper" bottomClipperElementName="bottomClipper">
						
				</GuiElement>


				<!--	<GuiElement type="threePartBitmap" profile="verticalListSliderRightDocked">
						<GuiElement type="slider" profile="verticalListSliderBar" dataElementId="courseGeneratorLayoutElements" handleFocus="false" />
					</GuiElement> -->

				<GuiElement type="text" profile="settingsMenuSubtitle" id="subTitlePrefab"/>
				<GuiElement type="multiTextOption"  profile="multiTextOptionSettings" id="multiTextOptionPrefab" size="1200px 48px">
					<GuiElement type="button" profile="multiTextOptionSettingsLeft" />
					<GuiElement type="button" profile="multiTextOptionSettingsRight"/>
					<GuiElement type="text"   profile="multiTextOptionSettingsText" />
					<GuiElement type="text"   profile="multiTextOptionSettingsTitle"/>
					<GuiElement type="bitmap" profile="multiTextOptionSettingsBg" />
					<GuiElement type="text"   profile="cpMultiTextOptionSettingsTooltip"/> 
				</GuiElement>
			</GuiElement>
		</GuiElement>
	</GuiElement>
</CourseGeneratorLayout>