<?xml version="1.0" encoding="utf-8" standalone="no" ?>
<GUI name="cpCourseManager">
    <GuiElement type="empty" profile="uiInGameMenuFrame">
        <GuiElement type="empty" profile="ingameMenuFrameHeaderPanel">
            <GuiElement type="bitmap" profile="ingameMenuPriceHeaderIcon" />
            <GuiElement type="text" profile="ingameMenuFrameHeaderText" id="header"/>
        </GuiElement>

        <GuiElement type="empty" profile="ingameMenuSettingsBox" id="mainBox">

            <GuiElement type="empty" profile="ingameMenuPriceLeftColumn" id="leftColumn">
                <GuiElement type="boxLayout" profile="ingameCalendarHeaderBox" id="tableHeaderBox" size="680px 104px">
                    <GuiElement type="text" profile="ingameMenuPriceHeader" size="340px 104px" id="leftColumnHeader"  />
                </GuiElement>

                <GuiElement type="smoothList" profile="ingameMenuPriceList" id="leftList" focusChangeTop="nil" focusChangeBottom="nil" selectedWithoutFocus="true">
                    <GuiElement type="listItem" profile="ingameMenuPriceListItem">
                        <GuiElement type="bitmap" name="icon" profile="ingameMenuPriceGoodsIcon" />
                        <GuiElement type="text" name="title" profile="ingameMenuPriceItemTitle" />
                    </GuiElement>
                </GuiElement>

                <GuiElement type="threePartBitmap" profile="verticalListSliderRightDocked" size="12px 652px" position="28px -104px">
                    <GuiElement type="slider" profile="verticalListSliderBar" size="6px 644px" dataElementId="leftList" id="leftListSlider" />
                </GuiElement>
            </GuiElement>

            <GuiElement type="empty" profile="ingameMenuPriceRightColumn" id="rightColumn">
                <GuiElement type="boxLayout" profile="ingameCalendarHeaderBox" id="tableHeaderBox" size="680px 104px">
                    <GuiElement type="text" profile="ingameMenuPriceHeader" size="330px 104px" id="rightColumnHeader"  />
                </GuiElement>

                <GuiElement type="smoothList" profile="ingameMenuPriceList" id="rightList" focusChangeTop="nil" focusChangeBottom="nil">
                    <GuiElement type="listItem" profile="ingameMenuPriceListItem">
                        <GuiElement type="bitmap" name="icon" profile="ingameMenuPriceItemHotspot" />
                        <GuiElement type="text" name="title" profile="ingameMenuPriceSellpointTitle" />
                    </GuiElement>
                </GuiElement>

                <GuiElement type="threePartBitmap" profile="verticalListSliderRightDocked" size="12px 652px" position="28px -104px">
                    <GuiElement type="slider" profile="verticalListSliderBar" size="6px 644px" dataElementId="rightList" id="rightListSlider" />
                </GuiElement>
            </GuiElement>


        </GuiElement>
	</GuiElement>
</GUI>
