<?xml version="1.0" encoding="UTF-8"?>
<GUIProfiles>
	<Presets>
        <Preset name="colorTransparent" value="0 0 0 0" />

        <Preset name="colorGlass" value="0.018 0.016 0.015 0.6" />
        <Preset name="colorGlass_50" value="0.018 0.016 0.015 0.25" />

        <Preset name="colorGlassVeryLight" value="0.718 0.716 0.715 0.04" />
        <Preset name="colorGlassExtremelyLight" value="0.918 0.916 0.915 0.15" />
        <Preset name="colorGlassMedium" value="0.118 0.116 0.115 0.20" />
        <Preset name="colorGlassDark" value="0.018 0.016 0.015 0.65" />
        <Preset name="colorGlassLight" value="0.718 0.716 0.715 0.25" />
        <Preset name="colorGlassLight_50" value="0.718 0.716 0.715 0.0625" />
        <Preset name="colorGlassLight_75" value="0.718 0.716 0.715 0.09375" />

        <Preset name="colorMainUI"    value="0.0227 0.5346 0.8519 1.0"/>
        <Preset name="colorMainUI_80" value="0.0227 0.5346 0.8519 0.8"/>
        <Preset name="colorMainUI_70" value="0.0227 0.5346 0.8519 0.7"/>
        <Preset name="colorMainUI_60" value="0.0227 0.5346 0.8519 0.6"/>
        <Preset name="colorMainUI_50" value="0.0227 0.5346 0.8519 0.5"/>
        <Preset name="colorMainUI_40" value="0.0227 0.5346 0.8519 0.4"/>
        <Preset name="colorMainUI_30" value="0.0227 0.5346 0.8519 0.3"/>
        <Preset name="colorMainUI_20" value="0.0227 0.5346 0.8519 0.2"/>
        <Preset name="colorMainUI_10" value="0.0227 0.5346 0.8519 0.1"/>
        <Preset name="colorMainUI_6"  value="0.0227 0.5346 0.8519 0.06"/>
        <Preset name="colorMainUIAlt" value="0.9900 0.4640 0.0010 1" />
        <Preset name="colorDisabled" value="0.4 0.4 0.4 1" />

        <Preset name="colorWhite" value="1 1 1 1" />
        <Preset name="colorWhite_50" value="1 1 1 0.5" />
        <Preset name="colorWhite_25" value="1 1 1 0.25" />
        <Preset name="colorRed" value="0.8069 0.0097 0.0097 1" />
        <Preset name="colorDarkRed" value="0.2832 0.0091 0.0091 1" />
        <Preset name="colorBlue" value="0.0742 0.4341 0.6939 1" />
        <Preset name="colorGreen" value="0.0781 0.2233 0.0478 1" />
        <Preset name="colorGreen2" value="0.2122 0.5271 0.0307 1" />

        <Preset name="colorBlack" value="0 0 0 1" />
        <Preset name="colorBlack2" value="0.0075 0.0075 0.0075 1" />
        <Preset name="colorBlack3" value="0.013 0.013 0.013 1" />
        <Preset name="colorBlack3_97" value="0.013 0.013 0.013 0.97" />
        <Preset name="colorBlack3_70" value="0.013 0.013 0.013 0.7" />
        <Preset name="colorBlack3_0" value="0.013 0.013 0.013 0" />

        <Preset name="colorDarkGrey" value="0.0284 0.0284 0.0284 1" />
        <Preset name="colorDarkGrey_0" value="0.0284 0.0284 0.0284 0" />
        <Preset name="colorDarkGrey2" value="0.0630 0.0630 0.0630 1" />
        <Preset name="colorDarkGrey2_50" value="0.0630 0.0630 0.0630 0.5" />
        <Preset name="colorDarkGrey2_70" value="0.0630 0.0630 0.0630 0.7" />
        <Preset name="colorDarkGrey3" value="0.0194 0.0194 0.0194 1" />
        <Preset name="colorDarkGrey4" value="0.0723 0.0723 0.0723 1" />
        <Preset name="colorDarkGrey5" value="0.1356 0.1356 0.1356 1" />
        <Preset name="colorDarkGrey6" value="0.03 0.03 0.03 1" />
        <Preset name="colorDarkGrey7" value="0.0212 0.0212 0.0212 1" />

        <Preset name="colorListRowBackground" value="$preset_colorGlassLight_50" />

        <Preset name="colorLightGrey" value="0.0482 0.0482 0.0482 1" />
        <Preset name="colorDescriptionText" value="0.2918 0.2918 0.2918 1" />
        <Preset name="colorDescriptionText2" value="0.6 0.6 0.6 1" />
        <Preset name="colorDescriptionText3" value="0.1845 0.1845 0.1845 1" />
        <Preset name="colorDescriptionText4" value="0.6307 0.6307 0.6307 1" />
        <!-- UVs -->
        <Preset name="colorUVs" value="10px 1010px 4px 4px" />
    </Presets>

    <Traits>
        <Trait name="debugging">
            <Value name="debugEnabled" value="true" />
        </Trait>
		<Trait name="anchorTopLeft">
            <Value name="anchors" value="0 0 1 1" />
        </Trait>
		<Trait name="anchorTopCenter">
            <Value name="anchors" value="0.5 0.5 1 1" />
        </Trait>
		<Trait name="anchorMiddleCenter">
			<Value name="anchors" value="0.5 0.5 0.5 0.5" />
			<!-- 
				
            <Value name="screenAlign" value="middleCenter" />
            <Value name="positionOrigin" value="middleCenter" />
			-->
        </Trait>
    </Traits>

	<Profile name="cpCourseGeneratorBackground" extends="emptyFullPanel" with="anchorTopLeft">
		<Value name="size" value="1220px 840px"/>
		<Value name="imageColor" value="0.0111 0.0276 0.0377 0.95"/>
    </Profile>
	
	<Profile name="cpIngameMenuSettingsBox" extends="ingameMenuSettingsBox">
		<Value name="size" value="1200px 756px"/>
    </Profile>

	<Profile name="cpIngameMenuSettingsLayout" extends="ingameMenuSettingsLayout">
		<Value name="size" value="1200px 756px"/>
    </Profile>
	
	<Profile name="cpMultiTextOptionSettingsTooltip" extends="multiTextOptionSettingsTooltip">
		<Value name="textMaxWidth" value="332px" />
    </Profile>

	<Profile name="cpControllerGuiLayout" extends="ingameMenuAICreateLayout">
        <Value name="position" value="-40px 0px" />
    </Profile>

	<Profile name="cpDrawingCustomFieldHeader" extends="ingameMenuFrameHeaderText" with="anchorTopCenter">
        <Value name="position" value="0px -40px" />
    </Profile>

</GUIProfiles>