<?xml version="1.0" encoding="utf-8" standalone="no" ?>

<!--
     Air Hose Connect Sound XML by PeterAH (Modding-Welt)
     Date: November 2021
-->

<sounds>

    <airConnectHose file="sounds/connect_air_hose.ogg" linkNode="0>" innerRadius="7.0" outerRadius="60.0" >
        <volume indoor="0.99" outdoor="1.05" />
        <pitch indoor="1.0" outdoor="1.0" />
        <lowpassGain indoor="0.5" outdoor="1.0" />
        <lowpassCutoffFrequency indoor="700" outdoor="20000.0" />
        <lowpassResonance indoor="1.0" outdoor="1.0"/>
    </airConnectHose>

    <airDisconnectHose file="sounds/disconnect_air_hose.ogg" linkNode="0>" innerRadius="7.0" outerRadius="60.0" >
        <volume indoor="0.7" outdoor="0.75" />
        <pitch indoor="1.0" outdoor="1.0" />
        <lowpassGain indoor="0.5" outdoor="1.0" />
        <lowpassCutoffFrequency indoor="700" outdoor="20000.0" />
        <lowpassResonance indoor="1.0" outdoor="1.0"/>
    </airDisconnectHose>

</sounds>
