<?xml version="1.0" encoding="utf-8" standalone="no"?>
<modDesc descVersion="63">
    <author>Rival</author>
    <version>1.0.0.0</version>
    <title>
        <en>Damage Bar Selection</en>
        <de>Fahrzeugauswahl Für Schadensanzeige</de>
    </title>
    <description>
        <en>
            <![CDATA[With this mod the damage of the currently selected vehicle is shown on the HUD.]]>
		</en>
        <de>
            <![CDATA[Mit diesem Mod wird der Verschleiß des aktuell ausgewählten Fahrzeugs im HUD angezeigt.]]>
		</de>
    </description>
    <iconFilename>icon.dds</iconFilename>
    <multiplayer supported="true" />

	<extraSourceFiles>
		<sourceFile filename="DamageBarSelection.lua"/>
	</extraSourceFiles>
</modDesc>
