<?xml version="1.0" encoding="utf-8" standalone="no" ?>
<GUIProfiles>
    <Presets>
        <Preset name="colorWhite" value="1 1 1 1"/>
        <Preset name="colorGrayHeader" value="0.4 0.4 0.4 1"/>
        <Preset name="colorListHeaderBackground" value="0 0 0 0.35" />
    </Presets>
    <Profile name="ingameMenuFieldCalculatorRowCell" extends="baseReference">
        <Value name="textSize" value="18px"/>
        <Value name="textBold" value="false"/>
        <Value name="textUpperCase" value="false"/>
        <Value name="textColor" value="$preset_colorWhite"/>
        <Value name="textAlignment" value="center"/>
        <Value name="textVerticalAlignment" value="middle"/>
    </Profile>
    <Profile name="ingameMenuFieldCalculatorHeaderCell" extends="ingameMenuFrameHeaderText" with="anchorMiddleLeft">
        <Value name="textSize" value="20px"/>
        <Value name="textBold" value="false"/>
        <Value name="textUpperCase" value="false"/>
        <Value name="textColor" value="$preset_colorGrayHeader"/>
        <Value name="textAlignment" value="center"/>
        <Value name="textVerticalAlignment" value="middle"/>
    </Profile>
    <Profile name="ingameMenuFieldCalculatorRowBackground" extends="emptyPanel" with="anchorBottomLeft"> 
    
    </Profile>
    <Profile name="ingameMenuFieldCalculatorHeaderBox" extends="emptyPanel" with="anchorTopLeft">
        <Value name="size" value="1400px 50px"/>
        <Value name="alignmentX" value="left"/>
        <Value name="alignmentY" value="middle"/>
        <Value name="imageColor" value="$preset_colorListHeaderBackground"/>
        <Value name="flowDirection" value="horizontal"/>
        <Value name="wrapAround" value="true"/>
        <Value name="lateralFlowSize" value="200px"/>
        <Value name="fitToElements" value="false"/>
        <Value name="autoValidateLayout" value="true"/>
        <Value name="hasFrame" value="false"/>    
    </Profile>
    <Profile name="ingameMenuFieldCalculatorSeedHeaderBox" extends="ingameMenuFieldCalculatorHeaderBox" with="anchorTopCenter">
        <Value name="size" value="455px 50px"/>  
        <Value name="position" value="0px -100px"/>  
    </Profile>
    <Profile name="ingameMenuFieldCalculatorSeedList" extends="ingameMenuFieldCalculatorList" with="anchorTopCenter">
        <Value name="size" value="455px 600px"/>  
        <Value name="position" value="0px -150px"/>  
    </Profile>
    <Profile name="verticalListSliderRightDockedSeed" extends="verticalListSliderRightDocked" with="anchorTopCenter">
        <Value name="size" value="12px 756px" />
        <Value name="position" value="240px -150px" />
    </Profile>
    <Profile name="ingameMenuFieldCalculatorList" extends="ingameMenuContractsList" with="anchorBottomLeft">
        <Value name="size" value="1400px 693.09px"/>
    </Profile>
    <Profile name="ingameMenuFieldCalculatorListItem" extends="ingameMenuContractsListItem" with="anchorBottomLeft">
        <Value name="size" value="1400px 40.77px"/>
    </Profile> 
    <Profile name="seedFrame" extends="dialogBg">
        <Value name="size" value="630px 800px"/>
    </Profile>
</GUIProfiles>