<?xml version="1.0" encoding="utf-8" standalone="no" ?>
<GUI name="ingameMenuFieldCalculator">
   <GuiElement type="empty" profile="uiInGameMenuFrame">
        <GuiElement type="empty" profile="ingameMenuFrameHeaderPanel">
            <GuiElement type="bitmap" profile="ingameMenuWeatherHeaderIcon" />
            <GuiElement type="text" profile="ingameMenuFrameHeaderText" text="$l10n_ui_ingameMenuFieldCalculator"/>
        </GuiElement>
        <GuiElement type="empty" profile="ingameMenuSettingsBox" id="mainBox">
            <GuiElement type="bitmap" profile="ingameMenuFieldCalculatorHeaderBox" id="tableHeaderBox">
                <GuiElement type="text" profile="ingameMenuFieldCalculatorHeaderCell" position="0px 0px" size="155px 40.77px" text="$l10n_ui_header_field"/>
                <GuiElement type="text" profile="ingameMenuFieldCalculatorHeaderCell" position="155px 0px" size="155px 40.77px" text="$l10n_ui_header_size"/>
                <GuiElement type="text" profile="ingameMenuFieldCalculatorHeaderCell" position="310px 0px" size="155px 40.77px" text="$l10n_ui_header_lime"/>
                <GuiElement type="text" profile="ingameMenuFieldCalculatorHeaderCell" position="465px 0px" size="155px 40.77px" text="$l10n_ui_header_fertilizer"/>
                <GuiElement type="text" profile="ingameMenuFieldCalculatorHeaderCell" position="620px 0px" size="155px 40.77px" text="$l10n_ui_header_liquidFertilizer"/>
                <GuiElement type="text" profile="ingameMenuFieldCalculatorHeaderCell" position="775px 0px" size="155px 40.77px" text="$l10n_ui_header_herbicide"/>
                <GuiElement type="text" profile="ingameMenuFieldCalculatorHeaderCell" position="930px 0px" size="155px 40.77px" text="$l10n_ui_header_manure"/>
                <GuiElement type="text" profile="ingameMenuFieldCalculatorHeaderCell" position="1085px 0px" size="155px 40.77px" text="$l10n_ui_header_slurry"/>
                <GuiElement type="text" profile="ingameMenuFieldCalculatorHeaderCell" position="1240px 0px" size="155px 40.77px" text="$l10n_ui_header_digestate"/>
            </GuiElement>
            <GuiElement type="smoothList" profile="ingameMenuFieldCalculatorList" id="fieldCalculatorTable" focusInit="onOpen" listSectionHeader="section" position="0px 0px">
                <GuiElement type="listItem" profile="ingameMenuFieldCalculatorListItem" name="fieldCalculatorRowTemplate" >
                    <GuiElement type="bitmap" profile="ingameMenuFieldCalculatorRowBackground">
                        <GuiElement type="text" profile="ingameMenuFieldCalculatorRowCell" position="0px 0px" size="155px 40.77px" name="field" />
                        <GuiElement type="text" profile="ingameMenuFieldCalculatorRowCell" position="155px 0px" size="155px 40.77px" name="size" />
                        <GuiElement type="text" profile="ingameMenuFieldCalculatorRowCell" position="310px 0px" size="155px 40.77px" name="lime" />
                        <GuiElement type="text" profile="ingameMenuFieldCalculatorRowCell" position="465px 0px" size="155px 40.77px" name="fertilizer" />
                        <GuiElement type="text" profile="ingameMenuFieldCalculatorRowCell" position="620px 0px" size="155px 40.77px" name="liquideFertilizer" />
                        <GuiElement type="text" profile="ingameMenuFieldCalculatorRowCell" position="775px 0px" size="155px 40.77px" name="herbicide" />
                        <GuiElement type="text" profile="ingameMenuFieldCalculatorRowCell" position="930px 0px" size="155px 40.77px" name="manure" />
                        <GuiElement type="text" profile="ingameMenuFieldCalculatorRowCell" position="1085px 0px" size="155px 40.77px" name="slurry" />
                        <GuiElement type="text" profile="ingameMenuFieldCalculatorRowCell" position="1240px 0px" size="155px 40.77px" name="digestate" />
                    </GuiElement>
                </GuiElement>
                <GuiElement type="listItem" profile="ingameMenuContractsListCategory" name="section">
                    <GuiElement type="text" profile="ingameMenuContractsListCategoryTitle" text="Contracts Title" name="title"/>
                </GuiElement>
            </GuiElement>
            <GuiElement type="threePartBitmap" profile="verticalListSliderRightDocked" size="12px 693px" position="28px -63px">
                <GuiElement type="slider" profile="verticalListSliderBar" size="6px 685px" dataElementId="fieldCalculatorTable" id="tableSlider" handleFocus="false" focusInit="onOpen"/>
            </GuiElement>           
        </GuiElement>
    </GuiElement>
</GUI>