<?xml version="1.0" encoding="utf-8" standalone="no" ?>
<GUI onOpen="onOpen" onClose="onClose" onCreate="onCreate">
    <GuiElement type="empty" profile="newLayer" />
    <GuiElement type="bitmap" profile="dialogFullscreenBg" />
    <GuiElement type="bitmap" profile="bgVignette"/>
    <GuiElement type="bitmap" profile="bgGlowDialog" />
    <GuiElement type="bitmap" profile="seedFrame" id="dialogElement">        
        <GuiElement type="text" profile="dialogTitle" text="" id="dialogTitleElement" position="0px -30px" />
        <GuiElement type="bitmap" profile="ingameMenuFieldCalculatorSeedHeaderBox" id="tableHeaderBox">
            <GuiElement type="text" profile="ingameMenuFieldCalculatorHeaderCell" position="0px 0px" size="300px 40.77px" text="$l10n_ui_seed_header_fruit"/>
            <GuiElement type="text" profile="ingameMenuFieldCalculatorHeaderCell" position="300px 0px" size="155px 40.77px" text="$l10n_ui_seed_header_consume"/>
        </GuiElement>
        <GuiElement type="smoothList" profile="ingameMenuFieldCalculatorSeedList" id="fieldCalculatorSeedTable" focusInit="onOpen">
            <GuiElement type="listItem" profile="ingameMenuFieldCalculatorListItem" name="fieldCalculatorSeedRowTemplate" >
                <GuiElement type="bitmap" profile="ingameMenuFieldCalculatorRowBackground">
                    <GuiElement type="text" profile="ingameMenuFieldCalculatorRowCell" position="0px 0px" size="300px 40.77px" name="fruit" />
                    <GuiElement type="text" profile="ingameMenuFieldCalculatorRowCell" position="300px 0px" size="155px 40.77px" name="consume" />
                </GuiElement>
            </GuiElement>
        </GuiElement>
        <GuiElement type="threePartBitmap" profile="verticalListSliderRightDockedSeed" size="12px 600px">
            <GuiElement type="slider" profile="verticalListSliderBar" size="6px 592px" dataElementId="fieldCalculatorSeedTable" id="tableSlider" handleFocus="false" focusInit="onOpen"/>
        </GuiElement>  
        <GuiElement type="flowLayout" profile="buttonBoxDialog">
            <GuiElement type="button" profile="buttonBack" text="$l10n_ui_seedFrame_btnClose" onClick="onClickBack" />
        </GuiElement>
    </GuiElement>
</GUI>