<?xml version="1.0" encoding="UTF-8"?>

<!-- 
	All the global settings can be setup here.
	For documentation look up the CpSettingUtil.lua.
-->

<Settings prefixText="CP_global_setting_">
	<SettingSubTitle prefix="true" title="general">
		<Setting classType="AIParameterSettingList" name="wageModifier" default="100" unit="4">
			<Values>
				<Value>0</Value>
				<Value>50</Value>
				<Value>100</Value>
				<Value>250</Value>
				<Value>500</Value>
			</Values>
		</Setting>
		<Setting classType="AIParameterSettingList" name="autoRepair" default="70">
			<Values>
				<Value>0</Value>
				<Value>25</Value>
				<Value>70</Value>
				<Value>99</Value>
			</Values>
			<Texts>
				<Text>off</Text>
				<Text>less_than_25</Text>
				<Text>less_than_70</Text>
				<Text>always</Text>
			</Texts>
		</Setting>

	</SettingSubTitle>
	<SettingSubTitle prefix="true" title="userSettings">
		<Setting classType="AIParameterBooleanSetting" name="controllerHudSelected" defaultBool="false" onChangeCallback="onHudSelectionChanged" isUserSetting="true"/>
		<Setting classType="AIParameterBooleanSetting" name="showsAllActiveCourses" isUserSetting="true"/>
		<Setting classType="AIParameterBooleanSetting" name="showActionEventHelp" isUserSetting="true" defaultBool="true" onChangeCallback="onActionEventTextVisibilityChanged"/>
	</SettingSubTitle>
	<SettingSubTitle prefix="true" title="pathfinder">
		<Setting classType="AIParameterSettingList" name="maxDeltaAngleAtGoal" min="5" max="90" incremental="5" default="45"/>
		<Setting classType="AIParameterSettingList" name="deltaAngleRelaxFactor" min="10" max="100" incremental="10" default="10"/>
	</SettingSubTitle>
</Settings>
