<?xml version="1.0" encoding="UTF-8"?>
<!-- Every image filename needs to start with CP_ as prefix, with will be ignored for the path. -->
<helpLines>
	<!--Courseplay category-->
	<category title="$l10n_CP_help_title">
		<!--Courseplay courseManager-->
        <page title="$l10n_CP_help_page_courseManager_title">
			<paragraph>
                <text text="$l10n_CP_help_page_courseManager_text" />
				<image filename="CP_img/icon_courseplay.dds" size="512px 512px"/>
				<!-- 
					heightScale
					aspectRatio
					size
					uvs
				-->
            </paragraph>
		</page>
		<!--Courseplay minihud-->
		<page title="$l10n_CP_help_page_minihud_title">
			<paragraph>
				<text text="$l10n_CP_help_page_minihud_text" />
				<image filename="CP_img/helpmenu/minihudhelp.dds" size="768px 512px"/>
            </paragraph>
		</page>
		<!--Courseplay customField-->
		<page title="$l10n_CP_help_page_customField_title">
			<paragraph>
				<text text="$l10n_CP_help_page_customFieldRecord_text" />
				<image filename="CP_img/helpmenu/recordcustomhelp.dds" size="768px 512px"/>
			</paragraph>
			<paragraph>
				<text text="$l10n_CP_help_page_customFieldDone_text" />
				<image filename="CP_img/helpmenu/donecustomhelp.dds" size="768px 512px"/>
			</paragraph>	
			<paragraph>	
				<text text="$l10n_CP_help_page_customFieldDraw_text" />
				<image filename="CP_img/helpmenu/drawcustomhelp.dds" size="768px 512px"/>
            </paragraph>
		</page>
	</category>
</helpLines>