<?xml version="1.0" encoding="UTF-8"?>

<!-- 
	All the AI fieldwork job parameters
	For documentation look up the CpSettingUtil.lua.
-->

<Settings prefixText="CP_jobParameters_">
	<SettingSubTitle title="startAt">
		<Setting classType="AIParameterSettingList" name="startAt" default="2">
			<Values>
				<Value name="START_AT_NEAREST_POINT">1</Value>
				<Value name="START_AT_FIRST_POINT">2</Value>
				<Value name="START_AT_LAST_POINT">3</Value>
				<!-- Value name="START_WITH_UNLOAD">4</Value-->
			</Values>
			<Texts>
				<Text>nearest</Text>
				<Text>first</Text>
				<Text>last</Text>
				<Text>bales</Text>
			<!--	<Text>unload</Text> -->
			</Texts>
		</Setting>
	</SettingSubTitle>
	<SettingSubTitle title="laneOffset">
		<Setting classType="AIParameterSettingList" name="laneOffset" default="0" isDisabled ="noMultiToolsCourseSelected">
			<Values>
				<Value name="LANE_LEFT_2" isDisabled ="lessThanThreeMultiTools">-2</Value>
				<Value name="LANE_LEFT"	isDisabled = "noMultiToolsCourseSelected">-1</Value>
				<Value name="LANE_CENTER" isDisabled ="evenNumberOfMultiTools">0</Value>
				<Value name="LANE_RIGHT" isDisabled = "noMultiToolsCourseSelected">1</Value>
				<Value name="LANE_RIGHT_2" isDisabled ="lessThanThreeMultiTools">2</Value>
			</Values>
			<Texts>
				<Text>left_2</Text>
				<Text>left</Text>
				<Text>center</Text>
				<Text>right</Text>
				<Text>right_2</Text>
			</Texts>
		</Setting>
	</SettingSubTitle>
</Settings>
