<?xml version="1.0" encoding="UTF-8"?>

<!-- 
	All the vehicle settings can be setup here.
	For documentation look up the CpSettingUtil.lua.
-->

<Settings prefixText="CP_vehicle_setting_">
	<SettingSubTitle title="basic">
		<!-- Show waypoints -->
		<Setting classType="AIParameterSettingList" name="showCourse" onChangeCallback="cpUpdateWaypointVisibility" default="1" isUserSetting="true">
			<Values>
				<Value name="SHOW_COURSE_DEACTIVATED">0</Value>
				<Value name="SHOW_COURSE_START_STOP">1</Value>
				<Value name="SHOW_COURSE_ALL">2</Value>
			</Values>
			<Texts>
				<Text prefix="false">CP_deactivated</Text>
				<Text>startStop</Text>
				<Text>all</Text>
			</Texts>
		</Setting>
		<!--Stop At End-->
		<Setting classType="AIParameterBooleanSetting" name="openHudWithMouse" defaultBool="true" onChangeCallback="cpUpdateMouseAction"/>

		<!--Stop At End-->
		<Setting classType="AIParameterBooleanSetting" name="stopAtEnd" defaultBool="true"/>
		<!--Turn on Field-->
		<Setting classType="AIParameterBooleanSetting" name="turnOnField" defaultBool="true"/>
		<!--Avoid Fruit-->
		<Setting classType="AIParameterBooleanSetting" name="avoidFruit" defaultBool="true"/>
		<!--Pathfinder Reverse-->
		<Setting classType="AIParameterBooleanSetting" name="allowReversePathfinding" defaultBool="true"/>
		<Setting classType="AIParameterBooleanSetting" name="allowPathfinderTurns" defaultBool="false"/>
	</SettingSubTitle>

	<SettingSubTitle title="implement">
		<!--Fold at End-->
		<Setting classType="AIParameterBooleanSetting" name="foldImplementAtEnd" defaultBool="true"/>
		<!--Raise Implement-->
		<Setting classType="AIParameterBooleanSetting" name="raiseImplementLate" vehicleConfiguration="raiseLate">
			<Texts>
				<Text>early</Text>
				<Text>late</Text>
			</Texts>
		</Setting>
		<!--Lower Implement-->
		<Setting classType="AIParameterBooleanSetting" name="lowerImplementEarly" vehicleConfiguration="lowerEarly">
			<Texts>
				<Text>late</Text>
				<Text>early</Text>
			</Texts>
		</Setting>
		<!--Tool Offset X-->
		<Setting classType="AIParameterSettingList" name="toolOffsetX" min="-10" max="10" incremental="0.1" default="0" unit="2" onChangeCallback="cpShowWorkWidth" isDisabled = "isToolOffsetDisabled" vehicleConfiguration="toolOffsetX"/>
		<!--Tool Offset Y-->
		<Setting classType="AIParameterSettingList" name="toolOffsetZ" min="-10" max="10" incremental="0.1" default="0" unit="2" onChangeCallback="cpShowWorkWidth" isDisabled = "isToolOffsetDisabled"/>
	</SettingSubTitle>

	<SettingSubTitle title="combine" isVisible="areCombineSettingsVisible">
		<!--Pipe always unfold-->
		<Setting classType="AIParameterBooleanSetting" name="pipeAlwaysUnfold" />
		<!--Stop for unload-->
		<Setting classType="AIParameterBooleanSetting" name="stopForUnload"/>
		<!--Selfunload-->
		<Setting classType="AIParameterBooleanSetting" name="selfUnload"/>
		<!--Unload on first Headland-->
		<Setting classType="AIParameterBooleanSetting" name="unloadOnFirstHeadland"/>
		<!--Strawswath-->
		<Setting classType="AIParameterSettingList" name="strawSwath" default="2">
			<Values>
				<Value name="STRAW_SWATH_OFF">1</Value>
				<Value name="STRAW_SWATH_ON">2</Value>
				<Value name="STRAW_SWATH_ONLY_CENTER">3</Value>
			</Values>
			<Texts>
				<Text prefix="false">CP_deactivated</Text>
				<Text prefix="false">CP_activated</Text>
				<Text>onlyCenter</Text>
			</Texts>
		</Setting>
	</SettingSubTitle>

	<SettingSubTitle title="seeder" isVisible="areSowingMachineSettingsVisible">
		<!--Ridgemarker-->	
		<Setting classType="AIParameterBooleanSetting" name="ridgeMarkersAutomatic" isVisible="isRidgeMarkerSettingVisible"/>
		<!--Fertilizer-->
		<Setting classType="AIParameterBooleanSetting" name="sowingMachineFertilizerEnabled" defaultBool="true"/>
	</SettingSubTitle>
	
	<SettingSubTitle title="multitool" isVisible="hasMultiToolCourse">
		<!--Symetric Langechange-->
		<Setting classType="AIParameterBooleanSetting" name="symmetricLaneChange"/>
		<!--Convoy Distance-->
		<Setting classType="AIParameterSettingList" name="convoyDistance" min="40" max="400" default ="50" unit="2"/>
	</SettingSubTitle>

	<SettingSubTitle title="speed">
		<!--Fieldwork Speed-->
		<Setting classType="AIParameterSpeedSetting" name="fieldWorkSpeed" min="5" max="50" default="25" unit="1"/>
		<!--Field Speed-->
		<Setting classType="AIParameterSpeedSetting" name="fieldSpeed" min="5" max="50" default="20" unit="1"/>
		<!--Turn Speed-->
		<Setting classType="AIParameterSpeedSetting" name="turnSpeed" min="2" max="25" default="8" unit="1"/>
		<!--Reverse Speed-->
		<Setting classType="AIParameterSpeedSetting" name="reverseSpeed" min="2" max="25" default="5" unit="1"/>
	</SettingSubTitle>

	<SettingSubTitle title="debug">
		<!--Debug active -->
		<Setting classType="AIParameterBooleanSetting" name="debugActive"/>
	</SettingSubTitle>
</Settings>
