<?xml version="1.0" encoding="utf-8" standalone="no" ?>
<placeable type="beehivePalletSpawner" xmlns:xsi="http://www.w3.org/2001/XMLSchema-instance" xsi:noNamespaceSchemaLocation="../../../../../shared/xml/schema/placeable.xsd">
    <storeData>
        <name>$l10n_storeItem_honeyPalletSpawner34x24_2_8</name>
        <image>honeyPalletSpawners/store_honeyPalletSpawner34x24_2_8.png</image>
        <price>208</price>
        <functions>
            <function>$l10n_function_beehiveHoneyPalletSpawner</function>
        </functions>
        <showInStore>true</showInStore>
        <lifetime>1000</lifetime>
        <rotation>0</rotation>
        <brand>NONE</brand>
        <species>placeable</species>
        <category>beeHives</category>
        <brush>
            <type>placeable</type>
            <category>animals</category>
            <tab>bees</tab>
        </brush>
        <vertexBufferMemoryUsage>1024</vertexBufferMemoryUsage>
        <indexBufferMemoryUsage>512</indexBufferMemoryUsage>
        <textureMemoryUsage>655360</textureMemoryUsage>
        <instanceVertexBufferMemoryUsage>0</instanceVertexBufferMemoryUsage>
        <instanceIndexBufferMemoryUsage>0</instanceIndexBufferMemoryUsage>
        <audioMemoryUsage>0</audioMemoryUsage>
    </storeData>

    <base>
        <filename>honeyPalletSpawners/honeyPalletSpawner34x24.i3d</filename>
        <canBeRenamed>true</canBeRenamed>
    </base>

    <placement useRandomYRotation="false" useManualYRotation="true" >
        <testAreas>
            <testArea startNode="testArea1Start" endNode="testArea1End" />
        </testAreas>

        <sounds>
            <place template="smallImp" />
            <placeLayered template="palletsFillWood" volumeScale="0.7"/>
        </sounds>
    </placement>

    <clearAreas>
        <clearArea startNode="clearArea1Start" widthNode="clearArea1Width" heightNode="clearArea1Height"/>
    </clearAreas>

    <leveling requireLeveling="true" maxSmoothDistance="1" maxSlope="75" maxEdgeAngle="30" >
        <levelAreas>
            <levelArea startNode="levelAreaStart" widthNode="levelAreaWidth" heightNode="levelAreaHeight" />
        </levelAreas>
    </leveling>

    <indoorAreas>
    </indoorAreas>

    <ai>
        <updateAreas>
            <updateArea startNode="tipOcclusionUpdateArea1Start" endNode="tipOcclusionUpdateArea1End"/>
        </updateAreas>
    </ai>

    <tipOcclusionUpdateAreas>
        <tipOcclusionUpdateArea startNode="tipOcclusionUpdateArea1Start" endNode="tipOcclusionUpdateArea1End" />
    </tipOcclusionUpdateAreas>

    <infoTrigger triggerNode="infoTrigger" />

    <hotspots>
        <hotspot type="LOADING" linkNode="beehivePalletSpawner" teleportNode="teleportNode"/>
    </hotspots>

    <triggerMarkers>
        <triggerMarker node="warningStripes" />
    </triggerMarkers>

    <beehivePalletSpawner>
        <spawnPlaces>
            <spawnPlace startNode="spawnSpace1start" endNode="spawnSpace1end" />
            <spawnPlace startNode="spawnSpace2start" endNode="spawnSpace2end" />
            <spawnPlace startNode="spawnSpace3start" endNode="spawnSpace3end" />
            <spawnPlace startNode="spawnSpace4start" endNode="spawnSpace4end" />
        </spawnPlaces>
    </beehivePalletSpawner>

    <i3dMappings>
        <i3dMapping id="beehivePalletSpawner" node="0>" />
        <i3dMapping id="testArea1Start" node="0>0|0" />
        <i3dMapping id="testArea1End" node="0>0|0|0" />
        <i3dMapping id="clearArea1Start" node="0>1" />
        <i3dMapping id="clearArea1Width" node="0>1|0" />
        <i3dMapping id="clearArea1Height" node="0>1|1" />
        <i3dMapping id="levelAreaStart" node="0>2" />
        <i3dMapping id="levelAreaWidth" node="0>2|0" />
        <i3dMapping id="levelAreaHeight" node="0>2|1" />
        <i3dMapping id="tipOcclusionUpdateArea1Start" node="0>3|0" />
        <i3dMapping id="tipOcclusionUpdateArea1End" node="0>3|0|0" />
        <i3dMapping id="spawnSpace1start" node="0>5|0" />
        <i3dMapping id="spawnSpace1end" node="0>5|0|0" />
        <i3dMapping id="spawnSpace2start" node="0>5|1" />
        <i3dMapping id="spawnSpace2end" node="0>5|1|0" />
        <i3dMapping id="spawnSpace3start" node="0>5|2" />
        <i3dMapping id="spawnSpace3end" node="0>5|2|0" />
        <i3dMapping id="spawnSpace4start" node="0>5|3" />
        <i3dMapping id="spawnSpace4end" node="0>5|3|0" />
        <i3dMapping id="warningStripes" node="0>6" />
        <i3dMapping id="warningStripesCorner1" node="0>6|0" />
        <i3dMapping id="warningStripesCorner2" node="0>6|0" />
        <i3dMapping id="warningStripesCorner3" node="0>6|0" />
        <i3dMapping id="warningStripesCorner4" node="0>6|0" />
        <i3dMapping id="teleportNode" node="0>7" />
    </i3dMappings>
</placeable>
