﻿<?xml version="1.0" encoding="utf-8" standalone="no" ?>
<modDesc descVersion="64">
	<author>KR-Softwares</author>	
    <version>1.1.0.0</version>    
	<title>
        <en>FieldCalculator</en>
        <de>Feldrechner</de>
    </title>    
	<description>
        <en><![CDATA[Field calculator

You want to know how much seed or fertiliser you need for a field? You can find out here!
The overview is integrated in the game menu. To see the seed consumption, click on the corresponding line. Then you can open another window.

Changelog: 
v1.1.0.0:
- Add support custom fields from courseplay
- Fixed bug with wide aspect ratio screens
v1.0.0.0:
- Release]]></en>		
		<de><![CDATA[Feldrechner

Du möchtest wissen, wie viel Saatgut oder Dünger für ein Feld brauchst? Hier kannst du es nachlesen!
Die Übersicht ist im Spielmenü integriert. Um den Saatgutverbrauch zu sehen, klicke auf die entsprechende Zeile. Dann kannst du ein weiteres Fenster öffnen.

Changelog: 
v1.1.0.0:
- Unterstützt nun generierte Felder von Courseplay
- Bug bei großen Bildschirm behoben
v1.0.0.0:
- Release]]></de>		
 <es><![CDATA[Calculadora de campo

¿Quiere saber cuántas semillas o abono necesita para un campo? Puede averiguarlo aquí.
El resumen está integrado en el menú del juego. Para ver el consumo de semillas, haga clic en la línea correspondiente. Entonces puedes abrir otra ventana.

Registro de cambios: 
v1.1.0.0:
- Añadir soporte a los campos personalizados de courseplay
- Se ha corregido un error con la pantalla grande
v1.0.0.0:
- Liberación]]></es>	
 <fr><![CDATA[Calculateur de champ

Tu veux savoir combien de semences ou d'engrais sont nécessaires pour un champ ? Tu peux le vérifier ici !
L'aperçu est intégré au menu du jeu. Pour voir la consommation de semences, clique sur la ligne correspondante. Tu peux ensuite ouvrir une autre fenêtre.

Journal des changements : 
v1.1.0.0 :
- Ajouter le support des champs personnalisés de courseplay
- Correction d'un bug sur grand écran
v1.0.0.0 :
- Sortie]]></fr>	
 <it><![CDATA[Calcolatrice di campo

Volete sapere di quante sementi o fertilizzanti avete bisogno per un campo? Potete scoprirlo qui!
La panoramica è integrata nel menu del gioco. Per vedere il consumo di semi, clicca sulla linea corrispondente. Poi si può aprire un'altra finestra.

Changelog: 
v1.1.0.0:
- Aggiungere campi personalizzati di supporto da courseplay
- Bug fisso con schermo grande
v1.0.0.0:
- Rilascio]]></it>
    </description>    
	<iconFilename>FieldCalculator.dds</iconFilename>
    <multiplayer supported="true"/>	
	<extraSourceFiles>	
		<sourceFile filename="FieldCalculator.lua" /> 
	</extraSourceFiles>
</modDesc>