<?xml version="1.0" encoding="utf-8" standalone="no" ?>
<GUI onOpen="onOpen" onClose="onClose" onCreate="onCreate">
    <GuiElement type="empty" profile="newLayer" />
    <GuiElement type="bitmap" profile="dialogFullscreenBg" />

    <GuiElement type="bitmap" profile="yesNoDialogBg">
        <GuiElement type="bitmap" profile="dialogHeaderDocked">
            <GuiElement type="text" profile="dialogHeaderText" id="titleElement" text="gui_ad_scanConfirmationTextTitle" textUpperCase="false" onCreate="onCreateAutoDriveText1" />
        </GuiElement>

        <GuiElement type="text" profile="sleepDialogText" text="gui_ad_scanConfirmationText" textUpperCase="false" textSize="20px" onCreate="onCreateAutoDriveText2" />

        <GuiElement type="flowLayout" profile="buttonBoxDocked" id="buttonsCreateElement">
            <GuiElement type="button" profile="buttonBack" text="gui_ad_no" onClick="onClickCancel" textUpperCase="false" onCreate="onCreateAutoDriveText3" />
            <GuiElement type="button" profile="buttonOK" text="gui_ad_yes" onClick="onClickOk" textUpperCase="false" onCreate="onCreateAutoDriveText4" />
        </GuiElement>
    </GuiElement>
</GUI>