﻿<?xml version="1.0" encoding="utf-8" standalone="no" ?>
<modDesc descVersion="63">
    <author>MrHector</author>
    <version>1.0.0.0</version>

    <title>
        <en>More Honey Pallet Place Options</en>
        <de>Weitere Platzoptionen Für Honigpaletten</de>
        <cz>Více Možností Umístění Palet S Medem</cz>
    </title>

    <description>
        <en>
 <![CDATA[This mod adds few more options for your honey pallet spawn place. The main purpose is to have more than 1 pallet out at a time.

There are basically 3 different dimension options and each has an option to spawn pallets either in one layer or in 2 layers (2 pallets gets to spawn on each other, so you can carry and load 2 pallets at a time without stacking them by yourself, making the loading a bit faster and more comfortable. And also more pallets can be spawned on smaller place.)
So you have 6 options to choose from, pick what suits you and your farm the best.

List of available honey pallet places:
- 3,4m x 2,4m - up to 4 pallets, 1 layer
- 3,4m x 2,4m - up to 8 pallets, 2 layers
- 5,4m x 2,4m - up to 6 pallets, 1 layer
- 5,4m x 2,4m - up to 12 pallets, 2 layers
- 5,4m x 4,8m - up to 12 pallets, 1 layer
- 5,4m x 4,8m - up to 24 pallets, 2 layers]]>
        </en>
        <de>
<![CDATA[Dieser Mod fügt einige weitere Optionen für Ihren Honigpaletten-Spawnplatz hinzu. Der Hauptzweck besteht darin, mehr als 1 Palette gleichzeitig bereitzustellen.

Es gibt grundsätzlich 3 verschiedene Dimensionsoptionen und jede hat die Möglichkeit, Paletten entweder in einer Schicht oder in 2 Schichten zu spawnen (2 Paletten spawnen aufeinander, sodass Sie 2 Paletten gleichzeitig tragen und laden können, ohne sie selbst zu stapeln. wodurch das Laden etwas schneller und komfortabler wird. Und auch mehr Paletten können auf kleinerem Platz gelaicht werden.)
Sie haben also 6 Optionen zur Auswahl, wählen Sie aus, was am besten zu Ihnen und Ihrem Betrieb passt.

Liste der verfügbaren Honigpalettenplätze:
- 3,4m x 2,4m - bis zu 4 Paletten, 1 Lage
- 3,4m x 2,4m - bis zu 8 Paletten, 2 Lagen
- 5,4m x 2,4m - bis zu 6 Paletten, 1 Lage
- 5,4m x 2,4m - bis zu 12 Paletten, 2 Lagen
- 5,4m x 4,8m - bis zu 12 Paletten, 1 Lage
- 5,4m x 4,8m - bis zu 24 Paletten, 2 Lagen]]>
        </de>
        <cz>
<![CDATA[Tento mod přidává několik dalších možností pro vaše umístění palet s medem. Hlavním účelem je mít najednou venku více než 1 paletu.

V podstatě existují 3 různé možnosti rozměrů a každá má možnost rozložit palety buď v jedné vrstvě, nebo ve 2 vrstvách (2 palety se na sebe položí, takže můžete nosit a nakládat 2 palety najednou, aniž byste je sami skládali, nakládání je o něco rychlejší a pohodlnější. A také lze na menším místě umístit více palet.)
Takže máte na výběr 6 možností, vyberte si to, co vyhovuje vám a vaší farmě.

Seznam dostupných paletových míst na med:
- 3,4m x 2,4m - až 4 palety, 1 vrstva
- 3,4m x 2,4m - až 8 palet, 2 vrstvy
- 5,4m x 2,4m - až 6 palet, 1 vrstva
- 5,4m x 2,4m - až 12 palet, 2 vrstvy
- 5,4m x 4,8m - až 12 palet, 1 vrstva
- 5,4m x 4,8m - až 24 palet, 2 vrstvy]]>
        </cz>
    </description>

    <iconFilename>icon.png</iconFilename>

    <multiplayer supported="true" />

    <l10n>
        <text name="storeItem_honeyPalletSpawner34x24_1_4"> 
            <en>Beehive Honey Pallet Location 3,4m x 2,4m - 4 pallets</en>
            <de>Bienenstock Honig Palettenstation 3,4m x 2,4m - 4 paletten</de>
            <cz>Umístění palety s medem 3,4m x 2,4m - 4 palety</cz>
        </text>
        <text name="storeItem_honeyPalletSpawner34x24_2_8"> 
            <en>Beehive Honey Pallet Location 3,4m x 2,4m - 8 pallets (2 layers)</en>
            <de>Bienenstock Honig Palettenstation 3,4m x 2,4m - 8 paletten (2 Schichten)</de>
            <cz>Umístění palety s medem 3,4m x 2,4m - 8 palet (2 vrstvy)</cz>
        </text>
        <text name="storeItem_honeyPalletSpawner54x24_1_6"> 
            <en>Beehive Honey Pallet Location 5,4m x 2,4m - 6 pallets</en>
            <de>Bienenstock Honig Palettenstation 5,4m x 2,4m - 6 paletten</de>
            <cz>Umístění palety s medem 5,4m x 2,4m - 6 palet</cz>
        </text>
        <text name="storeItem_honeyPalletSpawner54x24_2_12"> 
            <en>Beehive Honey Pallet Location 5,4m x 2,4m - 12 pallets (2 layers)</en>
            <de>Bienenstock Honig Palettenstation 5,4m x 2,4m - 12 paletten (2 Schichten)</de>
            <cz>Umístění palety s medem 5,4m x 2,4m - 12 palet (2 vrstvy)</cz>
        </text>
        <text name="storeItem_honeyPalletSpawner54x48_1_12"> 
            <en>Beehive Honey Pallet Location 5,4m x 4,8m - 12 pallets</en>
            <de>Bienenstock Honig Palettenstation 5,4m x 4,8m - 12 paletten</de>
            <cz>Umístění palety s medem 5,4m x 4,8m - 12 palet</cz>
        </text>
        <text name="storeItem_honeyPalletSpawner54x48_2_24"> 
            <en>Beehive Honey Pallet Location 5,4m x 4,8m - 24 pallets (2 layers)</en>
            <de>Bienenstock Honig Palettenstation 5,4m x 4,8m - 24 paletten (2 Schichten)</de>
            <cz>Umístění palety s medem 5,4m x 4,8m - 24 palet (2 vrstvy)</cz>
        </text>
    </l10n>

    <storeItems>
        <storeItem xmlFilename="honeyPalletSpawners/honeyPalletSpawner34x24_1_4.xml" />
        <storeItem xmlFilename="honeyPalletSpawners/honeyPalletSpawner34x24_2_8.xml" />
        <storeItem xmlFilename="honeyPalletSpawners/honeyPalletSpawner54x24_1_6.xml" />
        <storeItem xmlFilename="honeyPalletSpawners/honeyPalletSpawner54x24_2_12.xml" />
        <storeItem xmlFilename="honeyPalletSpawners/honeyPalletSpawner54x48_1_12.xml" />
        <storeItem xmlFilename="honeyPalletSpawners/honeyPalletSpawner54x48_2_24.xml" />
    </storeItems>
    
</modDesc>
