<?xml version="1.0" encoding="utf-8" standalone="no" ?>
<modDesc descVersion="61">
    <author>PeterAH (Modding-Welt)</author>
    <version>1.0.0.0</version>
    <title>
        <en>Air Hose Connect Sound</en>
        <de>Druckluftschlauch-Anschluss-Sound</de>
    </title>
    <description>
        <en><![CDATA[This global script adds hose connect and disconnect sounds to the game.

When the compressed air hoses of a trailer are connected to a tractor, you hear a hissing sound and the compressed air flowing into the trailer air tank. A hissing sound can be heard too, when the compressed air hoses are removed. If a trailer mod does not yet have dynamic hoses, then no hissing sound will be heard. This also applies to trailers that only have hydraulic hoses because they are braked via hydraulic pressure instead of air pressure.

The default volume is set to match the volume of the other vehicle sounds. Who does not like the default setting, can adjust the volume of the connecting and disconnecting hissing sounds in the modDesc individually.
        ]]>
        </en>
        <de><![CDATA[Dieses globale Script fügt dem Spiel Sounds für das Anschließen und Trennen von Druckluftschläuchen hinzu.

Werden die Druckluftschläuche eines Anhängers an einen Traktor angeschlossen, so ertönt ein Zisch-Sound und man hört wie die Druckluft in den Anhänger hineinströmt. Beim Abnehmen der Druckluftschläuche ertönt ebenfalls an Zisch-Sound. Hat ein Anhänger-Mod (noch) keine dynamischen Schläuche ("dynamic hoses") verbaut, dann ertönt auch kein Zisch-Sound. Dies gilt auch für Anhänger, die nur über Hydraulikschläuche verfügen, da sie über Hydraulikdruck anstatt über Luftdruck gebremst werden.

Die Lautstärke ist passend zur Lautstärke der anderen Fahrzeugsounds eingestellt. Wem die vorgegebene Einstellung nicht gefällt, der kann die Lautstärke der An- und Abkuppel-Zisch-Sounds in der modDesc auch individuell einstellen.
        ]]>
        </de>
    </description>
    <iconFilename>icon_airHoseConnectSound.png</iconFilename>
    <multiplayer supported="true"/>
    <extraSourceFiles>
        <sourceFile filename="airHoseConnectSoundRegister.lua"/>
    </extraSourceFiles>

    <!-- default volumeSetting="1.00" -->
    <airHoseConnectSound volumeSetting="1.00" />
</modDesc>
