<?xml version="1.0" encoding="utf-8" standalone="no" ?>
<modDesc descVersion="62">
    <version>7.0.1.4</version>
	<author><![CDATA[Courseplay.devTeam]]></author>
	<title>
		<en>CoursePlay</en>
		<es>CoursePlay</es>
		<cs>自动作业</cs>
		<ct>自動作業</ct>
		<hu>CoursePlay - A Vezetősegéd</hu>
		<jp>コースプレイ</jp>
		<kr>코스 플레이</kr>
		<it>CoursePlay</it>
	</title>

    <description>
        <en>
			<![CDATA[Courseplay FS22
Full Multiplayer and controller support.
Functionality: 		
- Course generation
- Field work with generated courses
- Refill or unload with the mod "AutoDrive"
- Combine self unload into a parked trailer near the field
- Wrap and collect bales with or without a course
- Save/load/rename courses
- Create custom fields with recording or drawing on the AI Map
- Vehicle Convoy for field work
			]]>
		</en>
        <de>
			<![CDATA[Courseplay FS22
Vollständige Mehrspieler und Controller Unterstützung. 
Funktionen: 		
- Kurs Generatation
- Feldarbeit mit generierten Kursen
- Auffüllen und entladen mit dem Mod: "Autodrive"
- Drescher können selber abtanken in Anhänger am Feldrand
- Ballen wickeln und sammeln mit oder ohne Kurs
- Speichern/laden/umbenennen von Kursen
- Erstellung eigener Kurse durch Kursaufzeichnung oder Zeichnen im AI Menü auf der Karte
- Fahrzeugverband für Feldarbeit
			]]>
		</de>
    </description>

	<iconFilename>img/icon_courseplay.dds</iconFilename>
	<l10n filenamePrefix="translations/translation" />
    <multiplayer supported="true" />
	
	<extraSourceFiles>
		<sourceFile filename="scripts/CpObject.lua"/>
		<sourceFile filename="Courseplay.lua"/>
		<sourceFile filename="scripts/CpUtil.lua"/>
		<sourceFile filename="scripts/debug/CpDebug.lua"/>
		<sourceFile filename="scripts/debug/CourseRecorder.lua"/>
		<sourceFile filename="scripts/DevHelper.lua"/>
		<sourceFile filename="scripts/courseManager/FileSystem.lua"/>
		<sourceFile filename="scripts/courseManager/AssignedCoursesManager.lua"/>
		<sourceFile filename="scripts/courseGenerator/CourseGenerator.lua"/>
		<sourceFile filename="scripts/courseGenerator/CourseGeneratorInterface.lua"/>
		<sourceFile filename="scripts/courseGenerator/Genetic.lua"/>
		<sourceFile filename="scripts/courseGenerator/center.lua"/>
		<sourceFile filename="scripts/courseGenerator/headland.lua"/>
		<sourceFile filename="scripts/courseGenerator/Island.lua"/>
		<sourceFile filename="scripts/courseGenerator/track.lua"/>
		<sourceFile filename="scripts/courseGenerator/geo.lua"/>
		<sourceFile filename="scripts/courseGenerator/Vector.lua"/>
		<sourceFile filename="scripts/Waypoint.lua"/>
		<sourceFile filename="scripts/Course.lua"/>
		<sourceFile filename="scripts/field/CpFieldUtil.lua"/>
		<sourceFile filename="scripts/field/CustomField.lua"/>
		<sourceFile filename="scripts/field/CustomFieldManager.lua"/>
		<sourceFile filename="scripts/field/FieldScanner.lua"/>
		<sourceFile filename="scripts/pathfinder/BinaryHeap.lua"/>
		<sourceFile filename="scripts/pathfinder/State3D.lua"/>
		<sourceFile filename="scripts/pathfinder/AnalyticSolution.lua"/>
		<sourceFile filename="scripts/pathfinder/Dubins.lua"/>
		<sourceFile filename="scripts/pathfinder/ReedsShepp.lua"/>
		<sourceFile filename="scripts/pathfinder/ReedsSheppSolver.lua"/>
		<sourceFile filename="scripts/pathfinder/HybridAStar.lua"/>
		<sourceFile filename="scripts/pathfinder/PathfinderUtil.lua"/>
		<sourceFile filename="scripts/ai/AIUtil.lua"/>
		<sourceFile filename="scripts/ai/ImplementUtil.lua"/>
		<sourceFile filename="scripts/ai/CpMathUtil.lua"/>
		<sourceFile filename="scripts/ai/FieldWorkerProximityController.lua"/>
		<sourceFile filename="scripts/ai/turns/AITurn.lua"/>
		<sourceFile filename="scripts/ai/turns/Corner.lua"/>
		<sourceFile filename="scripts/ai/turns/TurnContext.lua"/>
		<sourceFile filename="scripts/ai/turns/TurnManeuver.lua"/>
		<sourceFile filename="scripts/ai/turns/TurnContext.lua"/>
		<sourceFile filename="scripts/ai/AIReverseDriver.lua"/>
		<sourceFile filename="scripts/ai/AIDriveStrategyCourse.lua"/>
		<sourceFile filename="scripts/ai/AIDriveStrategyDriveToFieldWorkStart.lua"/>
		<sourceFile filename="scripts/ai/AIDriveStrategyFieldWorkCourse.lua"/>
		<sourceFile filename="scripts/ai/AIDriveStrategyCombineCourse.lua"/>
		<sourceFile filename="scripts/ai/AIDriveStrategyPlowCourse.lua"/>
		<sourceFile filename="scripts/ai/AIDriveStrategyFindBales.lua"/>
		<sourceFile filename="scripts/ai/AIMessages.lua"/>
		<sourceFile filename="scripts/ai/Markers.lua"/>
		<sourceFile filename="scripts/ai/ProximitySensor.lua"/>
		<sourceFile filename="scripts/ai/controllers/ImplementController.lua"/>
		<sourceFile filename="scripts/ai/controllers/BalerController.lua"/>
		<sourceFile filename="scripts/ai/controllers/BaleWrapperController.lua"/>
		<sourceFile filename="scripts/ai/controllers/BaleLoaderController.lua"/>
		<sourceFile filename="scripts/ai/controllers/FertilizingCultivatorController.lua"/>
		<sourceFile filename="scripts/ai/controllers/FertilizingSowingMachineController.lua"/>
		<sourceFile filename="scripts/ai/controllers/ForageWagonController.lua"/>
		<sourceFile filename="scripts/ai/controllers/MowerController.lua"/>
		<sourceFile filename="scripts/ai/controllers/RidgeMarkerController.lua"/>
		<sourceFile filename="scripts/ai/controllers/PickupController.lua"/>
		<sourceFile filename="scripts/ai/controllers/CutterController.lua"/>
		<sourceFile filename="scripts/ai/controllers/SprayerController.lua"/>
		<sourceFile filename="scripts/ai/controllers/StonePickerController.lua"/>
		<sourceFile filename="scripts/ai/BaleToCollect.lua"/>
		<sourceFile filename="scripts/ai/FillLevelManager.lua"/>
		<sourceFile filename="scripts/ai/PurePursuitController.lua"/>
		<sourceFile filename="scripts/ai/VehicleScanner.lua"/>
		<sourceFile filename="scripts/ai/WorkWidthUtil.lua"/>
		<sourceFile filename="scripts/ai/parameters/AIParameterSettingList.lua"/>
		<sourceFile filename="scripts/ai/parameters/AIParameterBooleanSetting.lua"/>
		<sourceFile filename="scripts/ai/parameters/AIParameterSpeedSetting.lua"/>
		<sourceFile filename="scripts/ai/jobs/CpJobParameters.lua"/>
		<sourceFile filename="scripts/ai/jobs/CpAIJob.lua"/>
		<sourceFile filename="scripts/ai/jobs/CpAIJobFieldWork.lua"/>
		<sourceFile filename="scripts/ai/jobs/CpAIJobBaleFinder.lua"/>
		<sourceFile filename="scripts/ai/tasks/CpAITaskFieldWork.lua"/>
		<sourceFile filename="scripts/ai/tasks/CpAITaskBaleFinder.lua"/>
		<sourceFile filename="scripts/ai/tasks/CpAITaskDriveTo.lua"/>
		<sourceFile filename="scripts/CpSettingsUtil.lua"/>
		<sourceFile filename="scripts/CpGlobalSettings.lua"/>
		<sourceFile filename="scripts/config/VehicleConfigurations.lua"/>
		<sourceFile filename="scripts/gui/CpGuiUtil.lua"/>
		<sourceFile filename="scripts/gui/CoursePlot.lua"/>
		<sourceFile filename="scripts/gui/FieldPlot.lua"/>
		<sourceFile filename="scripts/gui/CpStatus.lua"/>
		<sourceFile filename="scripts/gui/CpAIFrameExtended.lua"/>
		<sourceFile filename="scripts/gui/CpVehicleSettingsFrame.lua"/>
		<sourceFile filename="scripts/gui/CpGlobalSettingsFrame.lua"/>
		<sourceFile filename="scripts/gui/CpCourseManagerFrame.lua"/>
		<sourceFile filename="scripts/gui/CourseDisplay.lua"/>
		<sourceFile filename="scripts/gui/CpAIHotspots.lua"/>
		<sourceFile filename="scripts/gui/VehicleSettingDisplayDialog.lua"/>
		<sourceFile filename="scripts/gui/hud/HudElements.lua"/>
		<sourceFile filename="scripts/gui/hud/CpBaseHud.lua"/>
		<sourceFile filename="scripts/events/CoursesEvent.lua"/>
		<sourceFile filename="scripts/events/CpJoinEvent.lua"/>
		<sourceFile filename="scripts/events/GlobalSettingsEvent.lua"/>
		<sourceFile filename="scripts/events/VehicleSettingsEvent.lua"/>
	</extraSourceFiles>

	<specializations>
        <specialization name="courseplaySpec" className="CourseplaySpec" filename="scripts/specializations/CourseplaySpec.lua" />
		<specialization name="cpVehicleSettings" className="CpVehicleSettings" filename="scripts/specializations/CpVehicleSettings.lua" />
		<specialization name="cpCourseGeneratorSettings" className="CpCourseGeneratorSettings" filename="scripts/specializations/CpCourseGeneratorSettings.lua" />
		<specialization name="cpCourseManager" className="CpCourseManager" filename="scripts/specializations/CpCourseManager.lua"/>
		<specialization name="cpAIWorker" className="CpAIWorker" filename="scripts/specializations/CpAIWorker.lua"/>
		<specialization name="cpAIFieldWorker" className="CpAIFieldWorker" filename="scripts/specializations/CpAIFieldWorker.lua"/>
		<specialization name="cpAIBaleFinder" className="CpAIBaleFinder" filename="scripts/specializations/CpAIBaleFinder.lua"/>
		<specialization name="cpVehicleSettingDisplay" className="CpVehicleSettingDisplay" filename="scripts/specializations/CpVehicleSettingDisplay.lua"/>
		<specialization name="cpHud" className="CpHud" filename="scripts/specializations/CpHud.lua"/>
	</specializations>

	<inputBinding>
		<actionBinding action="CP_DBG_CHANNEL_SELECT_PREVIOUS">
			<binding device="KB_MOUSE_DEFAULT" input="KEY_lshift KEY_1" />
		</actionBinding>
		<actionBinding action="CP_DBG_CHANNEL_SELECT_NEXT">
			<binding device="KB_MOUSE_DEFAULT" input="KEY_lshift KEY_3" />
		</actionBinding>
		<actionBinding action="CP_DBG_CHANNEL_TOGGLE_CURRENT">
			<binding device="KB_MOUSE_DEFAULT" input="KEY_lshift KEY_2" />
		</actionBinding>
		<actionBinding action="CP_DBG_CHANNEL_MENU_VISIBILITY">
			<binding device="KB_MOUSE_DEFAULT" input="KEY_lshift KEY_4" />
		</actionBinding>

		<actionBinding action="CP_OPEN_CLOSE_VEHICLE_SETTING_DISPLAY">
			<binding device="KB_MOUSE_DEFAULT" input="KEY_delete" />
		</actionBinding>

		<actionBinding action="CP_START_STOP">
			<binding device="KB_MOUSE_DEFAULT" input="KEY_lctrl KEY_h" />
		</actionBinding>

		<actionBinding action="CP_TOGGLE_MOUSE">
			<binding device="KB_MOUSE_DEFAULT" input="MOUSE_BUTTON_RIGHT" />
		</actionBinding>
    </inputBinding>

	<actions>
		<action name="CP_DBG_CHANNEL_SELECT_PREVIOUS" />
		<action name="CP_DBG_CHANNEL_SELECT_NEXT" />
		<action name="CP_DBG_CHANNEL_TOGGLE_CURRENT" />
		<action name="CP_DBG_CHANNEL_MENU_VISIBILITY" />

		<action name="CP_OPEN_CLOSE_VEHICLE_SETTING_DISPLAY" />
		<action name="CP_START_STOP" />

		<action name="CP_TOGGLE_MOUSE" />
	</actions>
</modDesc>
